namei,email,dni,phone
Mtro. Jacinto Granados,equinones@hotmail.com,89359014,369.107.1573
Josefina Madrid Aponte,villamayte@corral-mercado.org,87040564,4758291663
Jacobo Wendolin Perea Barrera,mirelesvanesa@hotmail.com,76146336,3165090636
Tomás Montalvo,asuncion28@yahoo.com,81026102,3360092856
Genaro Zeferino Villarreal Solorio,ana98@gmail.com,72450903,209.771.0103x65103
Zacarías Figueroa de la Rosa,geronimoesparza@hotmail.com,48063426,511-580-4619
Ángel Mónica Gollum Magaña,delia47@despacho.com,70093891,1-085-931-8659x6288
Aldonza Bustos Almonte,amador45@yahoo.com,14372319,1-084-625-3776x9354
Rosalia Montalvo Vaca,pedrohernadez@corporacin.biz,61159934,043.368.2932
Miriam Padrón Marín,gaitanhomero@hotmail.com,62119888,(907)581-6502x9428
René Berríos Benavides,eloisa19@huerta-pabon.com,32790080,499.464.2156x78405
Lic. Antonio Pizarro,renato81@proyectos.com,35031275,265321440
Sr(a). Maximiliano Sierra,hzavala@lira.com,56423370,580-550-7013
Helena Micaela Alvarado,earchuleta@balderas-mata.net,30047530,1-610-190-9341x06156
Ofelia Uriel Cintrón,ariasvioleta@orellana.com,87137312,462-378-9439
Augusto Mariano Lovato Puga,brocha@gomez-munguia.com,62641259,481.499.6848x457
Sr(a). Mayte Cotto,saucedoporfirio@hotmail.com,42940187,1-224-540-3580x69553
Ivonne Alejandra Altamirano Malave,karina66@gmail.com,43628021,667-048-0976
Lic. Ilse Dueñas,rufino53@grupo.biz,77291774,(103)057-0664x2304
Jorge Barreto Zavala,qgranado@saenz-pulido.info,73557456,(344)968-2365
Ignacio Daniela Paredes,zbarrera@hotmail.com,72167547,676.925.8123x3168
Renato Jos Díaz Cervántez,preciadosantiago@gmail.com,95114137,1-288-740-1448x676
Lic. Estefanía Valdivia,ecarrillo@bonilla.com,86625384,220-205-3923x145
Óscar Rufino Carmona Ayala,mondragonjorge@gutierrez.org,19535285,1-337-225-8831x099
Julio César Esther Limón,elisa39@hotmail.com,18089966,1-900-671-8940
Leonardo Ana María Muñoz,benjamin58@grupo.com,45515791,842.942.5770x371
Rodrigo Sandra Miramontes Tejeda,dgonzalez@yahoo.com,55141627,1-143-193-7983x2075
Lic. Estela Roybal,ztoledo@yahoo.com,29070764,+01(6)3806356525
Estefanía Linda Bustamante Sepúlveda,anabel43@hotmail.com,28480019,772.497.3201x986
José Emilio Perla Grijalva Carmona,sierrafidel@yahoo.com,92248200,3421847499
